{"name":"831c890f-339f-4b46-982a-7a9b354e84be","id":"/providers/Microsoft.Flow/flows/831c890f-339f-4b46-982a-7a9b354e84be","type":"Microsoft.Flow/flows","properties":{"apiId":"/providers/Microsoft.PowerApps/apis/shared_logicflows","displayName":"consumable_master automatic sharepoint list mail sender","definition":{"metadata":{"workflowEntityId":null,"processAdvisorMetadata":null,"flowclientsuspensionreason":"None","flowclientsuspensiontime":null,"creator":{"id":"8ef23904-1ed3-4aa9-9308-627c368663a9","type":"User","tenantId":"12a3af23-a769-4654-847f-958f3d479f4a"},"provisioningMethod":"FromDefinition","failureAlertSubscription":true,"clientLastModifiedTime":"2021-07-10T12:23:31.2623475Z"},"$schema":"https://schema.management.azure.com/providers/Microsoft.Logic/schemas/2016-06-01/workflowdefinition.json#","contentVersion":"1.0.0.0","parameters":{"$connections":{"defaultValue":{},"type":"Object"},"$authentication":{"defaultValue":{},"type":"SecureObject"},"sharepoint.site":{"defaultValue":"","type":"String"},"sharepoint.list":{"defaultValue":"","type":"String"}},"triggers":{"When_an_item_or_a_file_is_modified":{"recurrence":{"frequency":"Minute","interval":5},"metadata":{"flowSystemMetadata":{"swaggerOperationId":"GetOnChangedItems"}},"type":"ApiConnection","inputs":{"host":{"connection":{"name":"@parameters('$connections')['shared_sharepointonline']['connectionId']"},"api":{"runtimeUrl":"https://flow-apim-europe-001-northeurope-01.azure-apim.net/apim/sharepointonline"}},"method":"get","path":"/datasets/@{encodeURIComponent(encodeURIComponent('https://nestle.sharepoint.com/teams/ITworkflows'))}/tables/@{encodeURIComponent(encodeURIComponent('c91370fb-029e-4783-9ba8-43270821d550'))}/onchangeditems","authentication":"@parameters('$authentication')"}}},"actions":{"Apply_to_each":{"foreach":"@triggerBody()?['value']","actions":{"Get_item":{"runAfter":{},"metadata":{"flowSystemMetadata":{"swaggerOperationId":"GetItem"}},"type":"ApiConnection","inputs":{"host":{"connection":{"name":"@parameters('$connections')['shared_sharepointonline']['connectionId']"},"api":{"runtimeUrl":"https://flow-apim-europe-001-northeurope-01.azure-apim.net/apim/sharepointonline"}},"method":"get","path":"/datasets/@{encodeURIComponent(encodeURIComponent('https://nestle.sharepoint.com/teams/ITworkflows'))}/tables/@{encodeURIComponent(encodeURIComponent('c91370fb-029e-4783-9ba8-43270821d550'))}/items/@{encodeURIComponent(items('Apply_to_each')?['ID'])}","authentication":"@parameters('$authentication')"}},"Compose_3":{"runAfter":{"Get_item":["Succeeded"]},"type":"Compose","inputs":"@body('Get_item')?['Closing_x0020_Qty']"},"Compose_4":{"runAfter":{"Compose_3":["Succeeded"]},"type":"Compose","inputs":"@int(outputs('Compose_3'))"},"Condition_2":{"actions":{"Send_an_email_(V2)_2":{"runAfter":{},"metadata":{"flowSystemMetadata":{"swaggerOperationId":"SendEmailV2"}},"type":"ApiConnection","inputs":{"host":{"connection":{"name":"@parameters('$connections')['shared_office365']['connectionId']"},"api":{"runtimeUrl":"https://flow-apim-europe-001-northeurope-01.azure-apim.net/apim/office365"}},"method":"post","body":{"To":"Mallikarjun.Goni@IN.nestle.com","Subject":"Request To procure :@{items('Apply_to_each')?['Item_x0020_Description']}","Body":"<p>Hi,<br>\n<br>\nThe Item listed below is has reached Less than or Equal to Minimum order Qty:.<br>\n@{body('Get_item')?['Min_x0020_Order_x0020_Qty']}<br>\nThe Closing Qty is .@{body('Get_item')?['Closing_x0020_Qty']}</p>"},"path":"/v2/Mail","authentication":"@parameters('$authentication')"}}},"runAfter":{"Compose_4":["Succeeded"]},"expression":{"lessOrEquals":["@outputs('Compose_4')","@body('Get_item')?['Min_x0020_Order_x0020_Qty']"]},"type":"If"}},"runAfter":{},"type":"Foreach"}},"description":"Send yourself or someone else a customized email whenever a new item is added to a selected SharePoint list."},"connectionReferences":{"shared_sharepointonline":{"connectionName":"29a9955b80cb4a34abfb9f03b7fa7745","source":"Embedded","id":"/providers/Microsoft.PowerApps/apis/shared_sharepointonline","tier":"NotSpecified"},"shared_office365":{"connectionName":"shared-office365-777329aa-2c37-4494-b330-264af832703f","source":"Embedded","id":"/providers/Microsoft.PowerApps/apis/shared_office365","tier":"NotSpecified"}},"flowFailureAlertSubscribed":false}}