{"name":"c6e01739-aeb9-4642-9a22-3fffe13e72e3","id":"/providers/Microsoft.Flow/flows/c6e01739-aeb9-4642-9a22-3fffe13e72e3","type":"Microsoft.Flow/flows","properties":{"apiId":"/providers/Microsoft.PowerApps/apis/shared_logicflows","displayName":"mail trigger through new master app","definition":{"metadata":{"workflowEntityId":null,"processAdvisorMetadata":null,"flowclientsuspensionreason":"None","flowclientsuspensiontime":null,"creator":{"id":"8ef23904-1ed3-4aa9-9308-627c368663a9","type":"User","tenantId":"12a3af23-a769-4654-847f-958f3d479f4a"},"provisioningMethod":"FromDefinition","failureAlertSubscription":true,"clientLastModifiedTime":"2021-07-14T13:12:12.0504721Z"},"$schema":"https://schema.management.azure.com/providers/Microsoft.Logic/schemas/2016-06-01/workflowdefinition.json#","contentVersion":"1.0.0.0","parameters":{"$connections":{"defaultValue":{},"type":"Object"},"$authentication":{"defaultValue":{},"type":"SecureObject"}},"triggers":{"manual":{"type":"Request","kind":"PowerApp","inputs":{"schema":{"type":"object","properties":{},"required":[]}}}},"actions":{"Send_an_email_(V2)":{"runAfter":{},"type":"OpenApiConnection","inputs":{"host":{"apiId":"/providers/Microsoft.PowerApps/apis/shared_office365","connectionName":"shared_office365","operationId":"SendEmailV2"},"parameters":{"emailMessage/To":"Mallikarjun.Goni@IN.nestle.com","emailMessage/Subject":"Request to procure","emailMessage/Body":"<p>Please Click on <a href=\"https://app.powerbi.com/groups/me/apps/d0964366-367e-4042-8932-4fbbd5696ca9/reports/4d499338-5489-48e9-a6e2-ba136480cf38/ReportSection?ctid=12a3af23-a769-4654-847f-958f3d479f4a\">LINK</a> to see report for Minimum Order Qty.<br>\n<br>\n<br>\n<br>\n<br>\n</p><a href=\"https://app.powerbi.com/groups/me/apps/d0964366-367e-4042-8932-4fbbd5696ca9/reports/4d499338-5489-48e9-a6e2-ba136480cf38/ReportSection?ctid=12a3af23-a769-4654-847f-958f3d479f4a\">LINK</a>","emailMessage/Importance":"Normal"},"authentication":{"value":"@json(decodeBase64(triggerOutputs().headers['X-MS-APIM-Tokens']))['$ConnectionKey']","type":"Raw"}}}},"outputs":{},"description":"Create one or more actions to happen when a button or link in Power Apps is selected. To use this flow from a Power App, select the control you want to trigger the flow and go to the Action tab in the Power Apps ribbon and select Flows."},"connectionReferences":{"shared_office365":{"connectionName":"shared-office365-777329aa-2c37-4494-b330-264af832703f","source":"Invoker","id":"/providers/Microsoft.PowerApps/apis/shared_office365","tier":"NotSpecified"}},"flowFailureAlertSubscribed":false}}