{"schemaVersion":"1.0","appDefinitionTemplate":{"id":"/providers/Microsoft.PowerApps/apps/","type":"Microsoft.PowerApps/apps","tags":{"sp-site-id":"https://iiitbhopal1-my.sharepoint.com/personal/20u03022_iiitbhopal_ac_in","sp-list-id":"cc569b3e-7c54-406f-b0b5-3d25d29f581f","https://iiitbhopal1-my.sharepoint.com/personal/20u03022_iiitbhopal_ac_in":"cc569b3e-7c54-406f-b0b5-3d25d29f581f","primaryDeviceWidth":"640","primaryDeviceHeight":"1136","sienaVersion":"20210619T075751Z-3.21061.19.0","deviceCapabilities":"","supportsPortrait":"true","supportsLandscape":"false","primaryFormFactor":"Phone","publisherVersion":"3.21061.19","minimumRequiredApiVersion":"2.2.0","hasComponent":"false","hasUnlockedComponent":"false","isUnifiedRootApp":"false"},"properties":{"appVersion":"2021-06-19T07:57:51Z","lifeCycleId":"Published","createdByClientVersion":{"major":3,"minor":21061,"build":19,"revision":0,"majorRevision":0,"minorRevision":0},"minClientVersion":{"major":3,"minor":21061,"build":19,"revision":0,"majorRevision":0,"minorRevision":0},"backgroundColor":"rgba(0, 176, 240, 1)","backgroundImageUri":"/14242149813622346781/N93b5be49-9645-40ee-8292-983937afe6c8-logoSmallFile","displayName":"Store person version","description":"","commitMessage":"","appUris":{"documentUri":{"value":"/14242149813622346781/N250e1106-618a-48f4-8917-3fb4f963e7b3-document.msapp"},"imageUris":[]},"createdTime":"0001-01-01T00:00:00Z","lastModifiedTime":"0001-01-01T00:00:00Z","sharedGroupsCount":0,"sharedUsersCount":0,"icons":{"smallIconUri":"/14242149813622346781/N27b19229-c6d3-45af-9049-fb7519895fa9-small.png","mediumIconUri":"/14242149813622346781/N7b7597f6-1f5e-4563-bd6b-7ee2ee6c811b-medium.png","largeIconUri":"/14242149813622346781/Ne1c17903-e210-4617-a667-334b6c7d3032-large.png","wideIconUri":"/14242149813622346781/Nebc9bfed-e3bb-4416-b936-f0093fa3ac25-wide.png"},"connectionReferences":{"e3117ad2-952e-4ddd-b315-474b664ba8fc":{"id":"611fb766-ba0e-4441-b6a1-63df459a959e","displayName":"SharePoint","iconUri":"https://connectoricons-prod.azureedge.net/releases/v1.0.1472/1.0.1472.2427/sharepointonline/icon.png","dataSources":["Consumable_Master","Transactions"],"dependencies":[],"dependents":[],"parameterHints":{},"parameterHintsV2":{},"isOnPremiseConnection":false,"bypassConsent":false,"dataSets":{"https://iiitbhopal1-my.sharepoint.com/personal/20u03022_iiitbhopal_ac_in":{"dataSources":{"Consumable_Master":{"tableName":"cc569b3e-7c54-406f-b0b5-3d25d29f581f"},"Transactions":{"tableName":"a1eec15e-688c-42b2-a072-0696e9826bcb"}}}},"apiTier":"Standard","isCustomApiConnection":false}},"databaseReferences":{},"almMode":"Environment","performanceOptimizationEnabled":true,"canConsumeAppPass":true,"executionRestrictions":{"isTeamsOnly":false,"dataLossPreventionEvaluationResult":{"status":"Compliant","lastEvaluationDate":"2021-06-13T06:09:54.1483246Z","violations":[],"violationsByPolicy":[],"violationErrorMessage":"The app uses the following connectors: shared_sharepointonline."}}},"appType":"ClassicCanvasApp","appComponents":[]}}