{"schemaVersion":"1.0","appDefinitionTemplate":{"id":"/providers/Microsoft.PowerApps/apps/","type":"Microsoft.PowerApps/apps","tags":{"primaryDeviceWidth":"1366","primaryDeviceHeight":"768","sienaVersion":"20210619T080211Z-3.21061.19.0","deviceCapabilities":"","supportsPortrait":"false","supportsLandscape":"true","primaryFormFactor":"Tablet","publisherVersion":"3.21061.19","minimumRequiredApiVersion":"2.2.0","hasComponent":"false","hasUnlockedComponent":"false","isUnifiedRootApp":"false"},"properties":{"appVersion":"2021-06-19T08:02:11Z","lifeCycleId":"Published","createdByClientVersion":{"major":3,"minor":21061,"build":19,"revision":0,"majorRevision":0,"minorRevision":0},"minClientVersion":{"major":3,"minor":21061,"build":19,"revision":0,"majorRevision":0,"minorRevision":0},"backgroundColor":"rgba(0, 176, 240, 1)","backgroundImageUri":"/8025368840672863767/N82fbb110-d7f9-49cd-83f8-aea812592239-logoSmallFile","displayName":"End user version(Tablet)","description":"","commitMessage":"","appUris":{"documentUri":{"value":"/8025368840672863767/Nd23564a7-cc3b-46d3-afe8-0b42c54c4e7a-document.msapp"},"imageUris":[]},"createdTime":"0001-01-01T00:00:00Z","lastModifiedTime":"0001-01-01T00:00:00Z","sharedGroupsCount":0,"sharedUsersCount":0,"icons":{"smallIconUri":"/8025368840672863767/N6224377a-5d78-4c5d-b408-e3ed2cf8066b-small.png","mediumIconUri":"/8025368840672863767/N0d008cdb-3d58-4709-8aac-1ed0f4c03a95-medium.png","largeIconUri":"/8025368840672863767/Nd4490c81-f225-44e0-9dd4-2b6db0962b3e-large.png","wideIconUri":"/8025368840672863767/Ncf5001f1-d2ae-45a7-bcc1-dbe4f6bced6d-wide.png"},"connectionReferences":{"b5258edf-0daf-4bbc-a169-077f3c5f5bfc":{"id":"611fb766-ba0e-4441-b6a1-63df459a959e","displayName":"SharePoint","iconUri":"https://connectoricons-prod.azureedge.net/releases/v1.0.1472/1.0.1472.2427/sharepointonline/icon.png","dataSources":["Transactions","Consumable_Master"],"dependencies":[],"dependents":[],"parameterHints":{},"parameterHintsV2":{},"isOnPremiseConnection":false,"bypassConsent":false,"dataSets":{"https://iiitbhopal1-my.sharepoint.com/personal/20u03022_iiitbhopal_ac_in":{"dataSources":{"Transactions":{"tableName":"a1eec15e-688c-42b2-a072-0696e9826bcb"},"Consumable_Master":{"tableName":"cc569b3e-7c54-406f-b0b5-3d25d29f581f"}}}},"apiTier":"Standard","isCustomApiConnection":false},"2a57b03d-8865-4aac-95f6-8a289573b6b7":{"id":"04e722d5-778b-4a74-9281-ba9028684524","displayName":"Office 365 Outlook","iconUri":"https://connectoricons-prod.azureedge.net/releases/v1.0.1471/1.0.1471.2427/office365/icon.png","dataSources":["Office365Outlook"],"dependencies":[],"dependents":[],"parameterHints":{},"parameterHintsV2":{},"isOnPremiseConnection":false,"bypassConsent":false,"dataSets":{},"apiTier":"Standard","isCustomApiConnection":false}},"databaseReferences":{},"almMode":"Environment","performanceOptimizationEnabled":true,"canConsumeAppPass":true,"executionRestrictions":{"isTeamsOnly":false,"dataLossPreventionEvaluationResult":{"status":"Compliant","lastEvaluationDate":"2021-06-13T08:47:27.3087891Z","violations":[],"violationsByPolicy":[],"violationErrorMessage":"The app uses the following connectors: shared_sharepointonline."}}},"appType":"ClassicCanvasApp","appComponents":[]}}