{"name":"b1e41202-d13e-4045-b7a0-64d417c37bf8","id":"/providers/Microsoft.Flow/flows/b1e41202-d13e-4045-b7a0-64d417c37bf8","type":"Microsoft.Flow/flows","properties":{"apiId":"/providers/Microsoft.PowerApps/apis/shared_logicflows","displayName":"Send approval and follow up via email","definition":{"metadata":{"workflowEntityId":null,"processAdvisorMetadata":null,"flowclientsuspensionreason":"None","flowclientsuspensiontime":null,"creator":{"id":"8ef23904-1ed3-4aa9-9308-627c368663a9","type":"User","tenantId":"12a3af23-a769-4654-847f-958f3d479f4a"},"provisioningMethod":"FromDefinition","failureAlertSubscription":true,"clientLastModifiedTime":"2021-07-14T13:29:40.7850352Z"},"$schema":"https://schema.management.azure.com/providers/Microsoft.Logic/schemas/2016-06-01/workflowdefinition.json#","contentVersion":"1.0.0.0","parameters":{"$connections":{"defaultValue":{},"type":"Object"},"$authentication":{"defaultValue":{},"type":"SecureObject"}},"triggers":{"manual":{"type":"Request","kind":"PowerApp","inputs":{"schema":{"type":"object","properties":{"ApproverToEmail":{"type":"string","format":"email","description":"Specify email addresses to send the approval email to separated by semicolons like someone@contoso.com","x-ms-powerflows-param-ispartial":false},"ResultFollowUpToEmail":{"type":"string","format":"email","description":"Specify email addresses to inform about the result of the approval separated by semicolons like someone@contoso.com","x-ms-powerflows-param-ispartial":false}},"required":["ApproverToEmail","ResultFollowUpToEmail"]}}}},"actions":{"Get_items":{"runAfter":{},"type":"OpenApiConnection","inputs":{"host":{"apiId":"/providers/Microsoft.PowerApps/apis/shared_sharepointonline","connectionName":"shared_sharepointonline","operationId":"GetItems"},"parameters":{"dataset":"https://nestle.sharepoint.com/teams/ITworkflows","table":"d3e80912-630e-4b52-b74f-f8ec86d2ef47"},"authentication":{"value":"@json(decodeBase64(triggerOutputs().headers['X-MS-APIM-Tokens']))['$ConnectionKey']","type":"Raw"}}},"Apply_to_each":{"foreach":"@outputs('Get_items')?['body/value']","actions":{"Send_email_with_options":{"runAfter":{},"type":"OpenApiConnectionWebhook","inputs":{"host":{"apiId":"/providers/Microsoft.PowerApps/apis/shared_office365","connectionName":"shared_office365","operationId":"SendMailWithOptions"},"parameters":{"optionsEmailSubscription/Message/To":"@items('Apply_to_each')?['Assigned_x0020_to']","optionsEmailSubscription/Message/Subject":"Are the Details correct for your Asset?","optionsEmailSubscription/Message/Options":"Ok,Not Ok,","optionsEmailSubscription/Message/Body":"Service Tag :@{items('Apply_to_each')?['Service_x0020_tag']},Serial Number :@{items('Apply_to_each')?['Serial_x0020_number']},Display Name:@{items('Apply_to_each')?['Display_x0020_name']},","optionsEmailSubscription/Message/Importance":"Normal","optionsEmailSubscription/Message/HideHTMLMessage":false,"optionsEmailSubscription/Message/ShowHTMLConfirmationDialog":false},"authentication":{"value":"@json(decodeBase64(triggerOutputs().headers['X-MS-APIM-Tokens']))['$ConnectionKey']","type":"Raw"}}},"Condition":{"actions":{"Filter_array":{"runAfter":{},"type":"Query","inputs":{"from":"@items('Apply_to_each')","where":"@equals(outputs('Update_item')?['body/Comments'], '')"}},"Send_email_with_options_2":{"runAfter":{"Filter_array":["Succeeded"]},"type":"OpenApiConnectionWebhook","inputs":{"host":{"apiId":"/providers/Microsoft.PowerApps/apis/shared_office365","connectionName":"shared_office365","operationId":"SendMailWithOptions"},"parameters":{"optionsEmailSubscription/Message/To":"@items('Apply_to_each')?['Assigned_x0020_to']","optionsEmailSubscription/Message/Subject":"Are the Details correct for your Asset?","optionsEmailSubscription/Message/Body":"Service Tag :@{items('Apply_to_each')?['Service_x0020_tag']},Serial Number :@{items('Apply_to_each')?['Serial_x0020_number']},Display Name:@{items('Apply_to_each')?['Display_x0020_name']},","optionsEmailSubscription/Message/Importance":"Normal","optionsEmailSubscription/Message/HideHTMLMessage":false,"optionsEmailSubscription/Message/ShowHTMLConfirmationDialog":false},"authentication":{"value":"@json(decodeBase64(triggerOutputs().headers['X-MS-APIM-Tokens']))['$ConnectionKey']","type":"Raw"}}}},"runAfter":{"Update_item":["Succeeded"]},"else":{"actions":{"Condition_2":{"actions":{"Filter_array_2":{"runAfter":{},"type":"Query","inputs":{"from":"@outputs('Get_items')?['body/value']","where":"@equals(outputs('Update_item')?['body/Comments'], 'Not Ok')"}},"Send_an_email_(V2)":{"runAfter":{"Filter_array_2":["Succeeded"]},"type":"OpenApiConnection","inputs":{"host":{"apiId":"/providers/Microsoft.PowerApps/apis/shared_office365","connectionName":"shared_office365","operationId":"SendEmailV2"},"parameters":{"emailMessage/To":"@outputs('Update_item')?['body/Assigned_x0020_to']","emailMessage/Subject":"Regarding Asset Verification","emailMessage/Body":"<p>Please reply via mail.<br>\nWhy The assest is not with you?</p>"},"authentication":{"value":"@json(decodeBase64(triggerOutputs().headers['X-MS-APIM-Tokens']))['$ConnectionKey']","type":"Raw"}}}},"runAfter":{},"expression":{"equals":["@outputs('Update_item')?['body/Comments']","Not Ok"]},"type":"If"}}},"expression":{"not":{"equals":["@items('Apply_to_each')?['Comments']","Ok || Not Ok"]}},"type":"If"},"Update_item":{"runAfter":{"Send_email_with_options":["Succeeded"]},"type":"OpenApiConnection","inputs":{"host":{"apiId":"/providers/Microsoft.PowerApps/apis/shared_sharepointonline","connectionName":"shared_sharepointonline","operationId":"PatchItem"},"parameters":{"dataset":"https://nestle.sharepoint.com/teams/ITworkflows","table":"d3e80912-630e-4b52-b74f-f8ec86d2ef47","id":"@items('Apply_to_each')?['ID']","item/Verified":false,"item/Comments":"@outputs('Send_email_with_options')?['body/SelectedOption']"},"authentication":{"value":"@json(decodeBase64(triggerOutputs().headers['X-MS-APIM-Tokens']))['$ConnectionKey']","type":"Raw"}}}},"runAfter":{"Get_items":["Succeeded"]},"type":"Foreach","runtimeConfiguration":{"concurrency":{"repetitions":50}}}}},"connectionReferences":{"shared_sharepointonline":{"connectionName":"29a9955b80cb4a34abfb9f03b7fa7745","source":"Invoker","id":"/providers/Microsoft.PowerApps/apis/shared_sharepointonline","tier":"NotSpecified"},"shared_office365":{"connectionName":"shared-office365-777329aa-2c37-4494-b330-264af832703f","source":"Invoker","id":"/providers/Microsoft.PowerApps/apis/shared_office365","tier":"NotSpecified"}},"flowFailureAlertSubscribed":false}}